url,name,address,city,state,phone
https://polarislawgroupusa.com/,Results,"220 Park Way Ste 1, North Pole, AK 99705",North Pole,AK,(907) 885-6619
https://splinternetmarketing.com/local-pros/ak/north-pole/hansen-bookkeeping-tax-services/,Results,"2885 Circle Loop Rd, North Pole, AK 99705",North Pole,AK,(907) 488-6708
https://rwcpaak.com/,Results,"3098 Airport Way, Fairbanks, AK 99709",Fairbanks,AK,(907) 474-4576
http://chd1040.com/,Results,"3411 Airport Way, Fairbanks, AK 99709",Fairbanks,AK,(907) 452-1040
http://ias-ak.com/,Results,"913 College Rd, Fairbanks, AK 99701",Fairbanks,AK,(907) 456-1211
http://www.rjgcpa.com/,Results,"1100 W Barnette St #102, Fairbanks, AK 99701",Fairbanks,AK,(907) 452-4156
http://www.samsaccountingservices.com/contact.html,Results,"2319 Evening Glow Ct, North Pole, AK 99705",North Pole,AK,(907) 687-9345
http://www.wwcpa.com/,Results,"344 Minnie St, Fairbanks, AK 99701",Fairbanks,AK,(907) 456-8115
http://www.ch-cpa.com/,Results,"Suite #300, 119 N Cushman St, Fairbanks, AK 99701",Fairbanks,AK,(907) 456-7762
https://bb-tax-services.com/,Results,"1255 Airport Way #5A, Fairbanks, AK 99701",Fairbanks,AK,(907) 451-0411
http://www.basslercpa.com/,Results,"801 W Fireweed Ln STE 202, Anchorage, AK 99503",Anchorage,AK,(907) 272-2041
https://akcpas.com/,Results,"189 S Binkley St #201, Soldotna, AK 99669",Soldotna,AK,(907) 262-9123
https://www.cpaalaska.com/,Results,"605 W Tudor Rd, Anchorage, AK 99503",Anchorage,AK,(907) 563-5270
http://www.diehl.cpa/,Results,"1150 S Colony Way #11, Palmer, AK 99645",Palmer,AK,(907) 313-6933
http://sitkacpas.com/,Results,"Slip TF54, 617 Katlian St A2, Sitka, AK 99835",Sitka,AK,(907) 738-8262
https://www.alliancecpaak.com/,Results,"119 N Cushman St, Fairbanks, AK 99701",Fairbanks,AK,(907) 456-7762
http://strategicbookkeepingandconsulting.com/,Results,,North Pole,AK,(907) 385-6858
http://www.eccalaska.com/,Results,"2517 Old Richardson Hwy, North Pole, AK 99705",North Pole,AK,(907) 385-0677
http://www.wks.cpa/,Results,"1292 Sadler Way #220, Fairbanks, AK 99701",Fairbanks,AK,(907) 456-2222
https://ledgerlogic.us/,Results,"1740 Tamarack St, Fairbanks, AK 99709",Fairbanks,AK,(907) 482-0002
http://www.yukonac.com/,Results,"810 Barnette St, Fairbanks, AK 99701",Fairbanks,AK,(907) 479-9863
https://www.centpac.net/,Results,"370 Old Chena Pump Rd, Fairbanks, AK 99709",Fairbanks,AK,(907) 885-2735
https://payrollservicessolutions.com/,Results,,North Pole,AK,(907) 750-6601
http://www.prenesticpa.com/,Results,"201 Old Steese Hwy Ste 9, Fairbanks, AK 99701",Fairbanks,AK,(907) 474-4885
https://bkcentz.com/,Results,,North Pole,AK,(907) 687-4570
https://www.feniks.cpa/,Results,"3500 Wolf Run, Fairbanks, AK 99709",Fairbanks,AK,(907) 474-1631
http://www.norbuaccounting.com/,Results,"794 University Ave #104, Fairbanks, AK 99709",Fairbanks,AK,(907) 978-8447
https://goldenheartbookkeeping.com/,Results,"250 Cushman St Unit 3c, Fairbanks, AK 99701",Fairbanks,AK,(907) 328-0414
https://www.hrblock.com/tax-office-near-me/alaska/fairbanks/28929/?otppartnerid=9308&campaignid=pw_mcm_9308_9762&utm_medium=local,Results,"3550 Airport Way Ste 1, Fairbanks, AK 99709",Fairbanks,AK,(907) 479-3196
http://www.ancaccounting.com/,Results,"701 Bidwill Ave #407, Fairbanks, AK 99701",Fairbanks,AK,(907) 452-2288
http://www.kshcpa.com/,Results,"Jimmy Huntington Building, 714 4th Ave Unit 303, Fairbanks, AK 99701",Fairbanks,AK,(907) 456-6676
https://splinternetmarketing.com/local-pros/ak/fairbanks/global-billing-solutions-fairbanks-alaska/,Results,"751 Old Richardson Hwy #201, Fairbanks, AK 99701",Fairbanks,AK,(855) 818-9304
http://www.burcellak.com/,Results,,North Pole,AK,(907) 590-9026
https://www.duszynskiandassociates.com/,Results,"1458 Tramon Ave, North Pole, AK 99705",North Pole,AK,(907) 388-3324
https://chinookaccounting.com/contact-us,Results,"1716 University Ave S, Fairbanks, AK 99709",Fairbanks,AK,(907) 302-3494
http://www.fullcircleprofessionals.org/,Results,"688 Nine Mile Hill Rd, Fairbanks, AK 99712",Fairbanks,AK,(907) 978-5893
https://www.rabookkeeping.com/,Results,,North Pole,AK,(907) 600-2831
https://fairbankstax.com/,Results,"529 6th Ave #200, Fairbanks, AK 99701",Fairbanks,AK,(907) 452-1060
http://www.sasincak.com/,Results,,North Pole,AK,(907) 687-9345
