url,name,address,city,state,phone
https://rwcpaak.com/,Results,"3098 Airport Way, Fairbanks, AK 99709",Fairbanks,AK,(907) 474-4576
http://www.wwcpa.com/,Results,"344 Minnie St, Fairbanks, AK 99701",Fairbanks,AK,(907) 456-8115
http://www.rjgcpa.com/,Results,"1100 W Barnette St #102, Fairbanks, AK 99701",Fairbanks,AK,(907) 452-4156
http://www.ch-cpa.com/,Results,"Suite #300, 119 N Cushman St, Fairbanks, AK 99701",Fairbanks,AK,(907) 456-7762
http://www.yukonac.com/,Results,"810 Barnette St, Fairbanks, AK 99701",Fairbanks,AK,(907) 479-9863
http://www.basslercpa.com/,Results,"801 W Fireweed Ln STE 202, Anchorage, AK 99503",Anchorage,AK,(907) 272-2041
http://www.jherrcpa.com/,Results,,Eielson,AK,(907) 622-0800
http://www.diehl.cpa/,Results,"1150 S Colony Way #11, Palmer, AK 99645",Palmer,AK,(907) 313-6933
https://splinternetmarketing.com/local-pros/ak/north-pole/hansen-bookkeeping-tax-services/,Results,"2885 Circle Loop Rd, North Pole, AK 99705",North Pole,AK,(907) 488-6708
https://www.cpaalaska.com/,Results,"605 W Tudor Rd, Anchorage, AK 99503",Anchorage,AK,(907) 563-5270
https://www.karncpa.com/,Results,"1225 E International Airport Rd #105, Anchorage, AK 99518",Anchorage,AK,(907) 563-9143
http://ias-ak.com/,Results,"913 College Rd, Fairbanks, AK 99701",Fairbanks,AK,(907) 456-1211
http://chd1040.com/,Results,"3411 Airport Way, Fairbanks, AK 99709",Fairbanks,AK,(907) 452-1040
https://bb-tax-services.com/,Results,"1255 Airport Way #5A, Fairbanks, AK 99701",Fairbanks,AK,(907) 451-0411
https://airforcelibraries.libguides.com/Eielsonafblibrary,Results,"2518 Central Ave, Eielson AFB, AK 99702",Eielson AFB,AK,(907) 377-3174
https://splinternetmarketing.com/local-pros/ak/juneau/hesson-deakins/,Results,"601 W Willoughby Ave, Juneau, AK 99801",Juneau,AK,(907) 463-5577
https://tools.usps.com/locations/details/1439397?utm_source=google-my-business-url&utm_medium=search&utm_campaign=yext,Results,"5514 Kodiak St, Eielson AFB, AK 99702",Eielson AFB,AK,(800) 275-8777
http://www.samsaccountingservices.com/contact.html,Results,"2319 Evening Glow Ct, North Pole, AK 99705",North Pole,AK,(907) 687-9345
https://www.alliancecpaak.com/,Results,"119 N Cushman St, Fairbanks, AK 99701",Fairbanks,AK,(907) 456-7762
https://stevensaccountingservices.com/,Results,"201 E Swanson Ave Ste 12, Wasilla, AK 99654",Wasilla,AK,(907) 892-0843
http://www.elgeerehfeld.com/,Results,"9309 Glacier Hwy b200, Juneau, AK 99801",Juneau,AK,(907) 789-3178
http://fostercpa.com/,Results,"2801 E Palmer-Wasilla Hwy, Wasilla, AK 99654",Wasilla,AK,(907) 290-5555
http://www.wks.cpa/,Results,"1292 Sadler Way #220, Fairbanks, AK 99701",Fairbanks,AK,(907) 456-2222
https://chinookaccounting.com/contact-us,Results,"1716 University Ave S, Fairbanks, AK 99709",Fairbanks,AK,(907) 302-3494
http://www.akcpa.org/,Results,"2600 Cordova St #211, Anchorage, AK 99503",Anchorage,AK,(907) 562-4334
http://www.centpac.net/,Results,"5050 Dunbar Dr STE D/E, Wasilla, AK 99654",Wasilla,AK,(907) 885-2735
https://www.fergusontaxpros.com/,Results,"10672 Kenai Spur Hwy STE 106, Kenai, AK 99611",Kenai,AK,(907) 395-4027
http://alaskatax.net/,Results,"1106 E Northern Lights Blvd, Anchorage, AK 99508",Anchorage,AK,(907) 276-3012
